Symbol,Atomic_Number,Atomic_Weight,Period,group,families,Mendele_Number,l_quantum_number,Atomic_Radus,Miracle_Radius_[pm],Covalent_Radius,Zunger_radii_sum,ionic_radius,Orbital_Radius(pm),crystal_radius,Pauling_Electronegativity,MB_electonegativity,Nagle_electonegativity,Pearson_abs_electonegativity,Gordy_electonegativity,Mulliken_EN,Allred-Rockow_electronegativity,metallic_valence,number_of_valence_electrons,gilmor_number_of_valence_electron,valence_s,valence_p,valence_d,valence_f,Number_of_unfilled_s_valence_electrons,Number_of_unfilled_p_valence_electrons,Number_of_unfilled_d_valence_electrons,Number_of_unfilled_f_valence_electrons,outer_shell_electrons,1st_ionization_potential_(kJ/mol),polarizability(A^3),Melting_point_(K),Boiling_Point_(K),Molar_Denstiy_(mol/ml),Density_(g/mL),Molar_Heat_Capacity(J/mol_K),specific_heat_(J/g_K)_,heat_of_fusion_(kJ/mol)_,heat_of_vaporization_(kJ/mol)_,thermal_conductivity_(W/(m_K))_,heat_atomization(kJ/mol),Cohesive_energy,B(Gpa),nws(e/au3),volume(10-6m3),Work_function,G,abs_valence,Nearest_Neighbor_Distance(pm),Critical_Temperature,Low_Temp_Debye(K),High_Temp_Debye(K),Atomic_Concentration(1e-23_cm-3)
H,1,1.01,1,1,7,92,0,0.53,,0.37,1.25,0.25,52.9,0.1,2.2,2.1,2.27,7.18,7.18,7.18,2.3,0,1,1,1,0,0,0,1,6,10,14,1,1312,0.7,14.05,20.25,0,0,14.42,14.3,0.59,0.45,0.18,218,0,0.2,3.38,1.7,,,1,,33,122,0,
He,2,4,1,18,9,98,0,0.31,,0.32,0,0.31,29.1,0,0,0,3.92,,12.05,0,4.16,0,0,0,0,0,0,0,2,6,10,14,0,2372,0.2,0.95,4.25,0,0,20.79,5.19,0.02,0.08,0.15,0,0,,,,,,2,,5.19,,,
Li,3,6.94,2,1,1,1,0,1.67,152,1.34,1.61,1.45,158.6,0.9,0.98,0.9,0.94,3.01,3.22,3.01,0.91,1,1,1,1,0,0,0,1,6,10,14,1,520,24.3,453.65,1615.15,0.08,0.54,24.99,3.6,3,145.92,84.7,161,1.63,11.6,0.94,13,2.93,4.2,1,302,3223,344,448,4.7
Be,4,9.01,2,2,2,67,0,1.12,112,0.9,1.08,1.05,104,0.41,1.57,1.45,1.55,4.9,3.79,4.9,1.58,2,2,2,2,0,0,0,0,6,10,14,2,899,5.6,1551.15,3243.15,0.21,1.85,16.4,1.82,7.95,292.4,200,324,3.32,110,4.66,4.9,4.98,132.6,2,222,13000,1481,1031,12.1
B,5,10.81,2,13,6,72,1,0.87,88,0.82,0.8,0.85,77.6,0.25,2.04,1.9,2.02,4.29,4.6,4.29,2.05,3,3,3,2,1,0,0,0,5,10,14,3,801,3,2352.15,4275,0.22,2.34,11.03,1.02,50.2,489.7,27,573,5.81,178,5.36,4.7,4.45,177,1,,3284,1480,1362,13
C,6,12.01,2,14,7,77,1,0.67,77,0.77,0.64,0.7,62,0.29,2.55,2.37,2.55,6.27,5.62,6.27,2.54,4,4,4,2,2,0,0,0,4,10,14,4,1086,1.8,3640.15,5100.15,0.19,2.25,8.53,0.71,105,355.8,129,717,7.37,443,5.55,3.25,4.81,11.5,2,154,6743,2230,1550,17.6
N,7,14.01,2,15,7,82,1,0.56,72,0.75,0.54,0.65,52.1,0.3,3.04,2.85,3.12,7.3,6.88,7.3,3.07,3,5,5,2,3,0,0,0,3,10,14,5,1402,1.1,63.25,77.35,0,0,14.57,1.04,0.36,2.79,0.03,473,4.92,1.2,4.49,4.1,,,3,,126.19,,,
O,8,16,2,16,7,87,1,0.48,64,0.73,0.47,0.6,45,1.21,3.44,3.32,3.62,7.54,8.37,7.54,3.61,0,6,6,2,4,0,0,0,2,10,14,6,1314,0.79,54.75,90.15,0,0,14.72,0.92,0.22,3.41,0.03,249,2.62,2.25,,,,,4,,154.58,,,
F,9,19,2,17,8,93,1,0.42,,0.71,0.41,0.5,39.6,1.19,3.98,3.78,4.23,10.41,10.09,10.41,4.19,0,7,7,2,5,0,0,0,1,10,14,7,1681,0.63,53.35,85.05,0,0,15.58,0.82,0.26,3.27,0.03,79,0.84,,,,,,5,144,144.32,,,
Ne,10,20.18,2,18,9,99,1,0.38,,0.69,0,0.38,35.4,0,0,0,4.89,,12.03,0,4.79,0,0,0,0,0,0,0,2,6,10,14,0,2081,0.4,24.45,25.15,0,0,18.24,0.9,0.33,1.73,0.05,0,0.02,,,,,,6,316,44.4,74.6,0,4.36
Na,11,22.99,3,1,1,2,0,1.9,180,1.54,2.65,1.8,171.3,1.16,0.93,0.89,0.95,2.85,2.54,2.85,0.87,1,1,1,1,0,0,0,1,6,10,14,1,496,23.6,370.95,1156.15,0.04,0.97,28.28,1.23,2.6,96.96,141,109,1.11,6.8,0.55,23.78,2.36,3.3,1,366,2573,156.5,155,2.65
Mg,12,24.31,3,2,2,68,0,1.45,160,1.3,2.03,1.5,127.9,0.86,1.31,1.31,1.32,3.75,2.97,3.75,1.29,2,2,2,2,0,0,0,0,6,10,14,2,738,10.6,922.15,1363.15,0.07,1.74,24.79,1.02,8.95,127.4,156,148,1.51,35.6,1.6,14,3.66,17,2,320,2535,403,330,4.3
Al,13,26.98,3,13,5,73,1,1.18,141,1.18,1.68,1.25,131.2,0.53,1.61,1.64,1.55,3.23,3.52,3.23,1.61,3,3,3,2,1,0,0,0,5,10,14,3,578,8.3,933.15,2740.15,0.1,2.7,24.28,0.9,10.79,293.4,237,326,3.39,75.2,2.7,10,4.26,26,1,286,8550,433,390,6.02
Si,14,28.09,3,14,6,78,1,1.11,110,1.11,1.42,1.1,106.8,0.4,1.9,1.98,1.87,4.77,4.19,4.77,1.92,4,4,4,2,2,0,0,0,4,10,14,4,787,5.4,1683.15,2628.15,0.08,2.33,19.94,0.71,50.55,384.22,148,452,4.63,98,3.38,8.6,4.85,79.9,2,235,5159,645,692,5
P,15,30.97,3,15,7,83,1,0.98,102,1.06,1.24,1,91.9,0.31,2.19,2.32,2.22,5.62,4.96,5.62,2.25,3,5,5,2,3,0,0,0,3,10,14,5,1012,3.6,317.25,553.15,0.06,1.82,23.85,0.77,0.66,12.13,0.24,315,3.43,30.4,4.49,8.6,,,3,,994,0,576,
S,16,32.07,3,16,7,88,1,0.88,103,1.02,1.1,1,81,0.43,2.58,2.65,2.49,6.22,5.85,6.22,2.59,2,6,6,2,4,0,0,0,2,10,14,6,1000,2.9,385.95,717.85,0.06,2.07,22.77,0.71,1.72,9.8,0.27,279,2.85,7.7,,,,,4,,1314,0,527,
Cl,17,35.45,3,17,8,94,1,0.79,,0.99,1.01,1,72.5,1.67,3.16,2.98,2.82,8.3,6.84,8.3,2.87,0,7,7,2,5,0,0,0,1,10,14,7,1251,2.2,172.15,238.55,0,0,17.02,0.48,3.23,10.2,0.01,121,1.4,1.1,,,,,5,202,416.96,,,
Ar,18,39.95,3,18,9,100,1,0.71,,0.97,0,0.71,65.9,0,0,0,3.18,,7.96,0,3.24,0,0,0,0,0,0,0,2,6,10,14,0,1521,1.59,83.95,87.45,0,0,20.77,0.52,1.19,6.45,0.02,0,0.08,,,,,,6,376,150.69,92,0,2.66
K,19,39.1,4,1,1,3,0,2.43,230,1.96,3.69,2.2,216.2,1.52,0.82,0.8,0.84,2.42,2.79,2.42,0.73,1,1,1,1,0,0,0,1,6,10,14,1,419,43.4,336.4,1033.15,0.02,0.86,29.32,0.75,2.33,79.87,102.4,90,0.93,3.2,0.27,45.63,2.29,1.3,1,453,2223,91.1,100,1.4
Ca,20,40.08,4,2,2,7,0,1.94,201,1.74,3,1.8,169,1.14,1,1.17,1.11,2.2,3.01,2.2,1.03,2,2,2,2,0,0,0,0,6,10,14,2,590,22.8,1112.15,1757.15,0.04,1.55,25.25,0.63,8.54,153.3,200,178,1.84,17.2,0.75,26.2,2.87,7.4,2,395,2880,229,230,2.3
Sc,21,44.96,4,3,3,11,2,1.84,162,1.44,2.75,1.6,157,0.89,1.36,1.5,1.17,3.34,3.07,3.34,1.19,3,3,1,2,0,1,0,0,6,9,14,2,633,17.8,1814.15,3105.15,0.07,2.99,26.97,0.6,14.1,314.2,15.8,378,3.9,56.6,2.05,15.03,3.5,29,1,325,5400,346,476,4.27
Ti,22,47.88,4,4,4,43,2,1.76,142,1.36,2.58,1.4,147.7,0.75,1.54,1.86,1.23,3.45,3.14,3.45,1.38,4,4,2,2,0,2,0,0,6,8,14,2,659,14.6,1933.15,3560.15,0.09,4.54,24.9,0.52,15.45,421,21.9,470,4.85,108,3.51,10.58,4.33,44,2,289,15500,420,380,5.66
V,23,50.94,4,5,4,46,2,1.71,134,1.25,2.43,1.35,140.1,0.68,1.63,2.22,1.27,3.6,3.2,3.6,1.53,5,5,3,2,0,3,0,0,6,7,14,2,651,12.4,2163.15,3653.15,0.12,6.11,24.96,0.49,20.9,453,30.7,514,5.31,158,4.41,8.36,4.3,47,3,262,5930,399,390,7.22
Cr,24,52,4,6,4,49,2,1.66,130,1.27,2.44,1.4,145.3,0.76,1.66,2,1.29,3.72,3.27,3.72,1.65,5.78,6,4,1,0,5,0,1,6,5,14,1,653,11.6,2130.15,2945.15,0.14,7.19,23.4,0.45,16.9,344.3,93.7,397,4.1,160,5.18,7.23,4.5,115,5,250,4700,606,424,8.33
Mn,25,54.94,4,7,4,52,2,1.61,132,1.39,2.22,1.4,127.8,0.81,1.55,2.04,1.36,3.72,3.34,3.72,1.75,5.78,7,5,2,0,5,0,0,6,5,14,2,717,9.4,1517.15,2235.15,0.14,7.43,26.37,0.48,12.05,226,7.82,281,2.92,92.6,4.17,7.35,4.1,74,5,224,4327,409,363,8.18
Fe,26,55.85,4,8,4,55,2,1.56,125,1.25,2.11,1.4,122.7,0.69,1.83,1.67,1.4,4.06,3.42,4.06,1.8,5.78,8,5,2,0,6,0,0,6,4,14,2,762,8.4,1808.15,3023.15,0.14,7.86,24.57,0.44,13.8,349.6,80.2,418,4.28,166,5.55,7.09,4.81,82,6,248,9250,477,373,8.5
Co,27,58.93,4,9,4,58,2,1.52,125,1.26,2.02,1.35,118.1,0.54,1.88,1.72,1.44,4.3,3.5,4.3,1.84,5.78,9,4,2,0,7,0,0,6,3,14,2,760,7.5,1768.15,3143.15,0.15,8.9,24.75,0.42,16.19,376.5,100,425,4.39,182,5.36,6.7,5,75,7,250,5400,460,386,8.97
Ni,28,58.69,4,10,4,61,2,1.49,126,1.21,2.18,1.35,113.9,0.7,1.91,1.76,1.47,4.4,3.58,4.4,1.88,5.78,10,3,2,0,8,0,0,6,2,14,2,737,6.8,1726.15,3003.15,0.15,8.9,25.83,0.44,17.47,370.4,90.7,430,4.44,177,5.36,6.6,5.35,76,8,249,6000,477,345,9.14
Cu,29,63.55,4,11,4,64,2,1.45,126,1.38,2.04,1.35,119.1,0.71,1.9,1.08,1.51,4.48,3.66,4.48,1.85,5.44,11,2,1,0,10,0,1,6,0,14,1,745,6.7,1356.15,2840.15,0.14,8.96,24.15,0.38,13.05,300.3,401,338,3.49,138,3.18,7.12,5.1,48,0,256,5421,347,310,8.45
Zn,30,65.39,4,12,4,69,2,1.42,140,1.31,1.88,1.35,106.5,0.74,1.65,1.44,1.46,4.45,3.75,4.45,1.59,4.44,12,1,2,0,10,0,0,6,0,14,2,906,6.4,692.75,1179.15,0.11,7.13,25.5,0.39,7.32,115.3,116,131,1.35,69.4,2.3,9.17,4.9,43,0,266,3380,329,237,6.55
Ga,31,69.72,4,13,5,74,1,1.36,134,1.26,1.7,1.3,125.4,0.76,1.81,1.7,1.56,3.2,4.17,3.2,1.76,3.44,3,3,2,1,0,0,0,5,10,14,3,579,8.1,302.95,2676.15,0.08,5.9,25.8,0.37,5.59,258.7,40.6,286,2.81,56.9,2.25,11.82,4.32,6,1,244,7620,325,240,5.1
Ge,32,72.61,4,14,6,79,1,1.25,114,1.22,1.56,1.25,109,0.53,2.01,1.99,1.81,4.6,4.64,4.6,1.99,4,4,4,2,2,0,0,0,4,10,14,4,762,6.1,1220.55,3103.15,0.07,5.32,23.24,0.32,36.94,330.9,59.9,377,3.85,77.2,2.57,9.87,5,67,2,245,8400,373,403,4.42
As,33,74.92,4,15,6,84,1,1.14,115,1.19,1.42,1.15,100.1,0.72,2.18,2.27,2.11,5.3,5.17,5.3,2.21,3,5,5,2,3,0,0,0,3,10,14,5,947,4.3,1090.15,890.15,0.08,5.73,24.72,0.33,27.7,34.76,50,302,2.96,38.3,3,11.85,3.75,,3,316,2100,282,275,4.65
Se,34,78.96,4,16,7,89,1,1.03,118,1.16,1.29,1.15,91.8,0.56,2.55,2.54,2.31,5.89,5.76,5.89,2.43,2,6,6,2,4,0,0,0,2,10,14,6,941,3.8,490.15,958.15,0.06,4.79,25.27,0.32,6.69,37.7,0.52,227,2.46,8.3,,,5.9,3.7,4,232,1757,152.5,0,3.67
Br,35,79.9,4,17,8,95,1,0.94,,1.14,1.2,1.15,85.1,1.82,2.96,2.83,2.56,7.59,6.41,7.59,2.69,0,7,7,2,5,0,0,0,1,10,14,7,1140,3.1,265.95,331.95,0.04,3.12,37.79,0.47,5.29,15.44,0.12,112,1.22,1.9,,,,,5,,584,,,2.36
Kr,36,83.8,4,18,9,101,1,0.88,,1.1,0,0.88,79.5,,3,,2.82,,7.11,,2.97,0,0,0,0,0,0,0,2,6,10,14,0,1351,2.5,116.15,121.15,0,0,20.78,0.25,1.64,9.03,0.01,0,0.12,,,,,,6,400,209.4,71.9,0,2.17
Rb,37,85.47,5,1,1,4,0,2.65,244,2.11,4.1,2.35,228.7,1.66,0.82,0.8,0.83,2.34,3.19,2.34,0.71,1,1,1,1,0,0,0,1,6,10,14,1,403,47.3,312.05,959.15,0.02,1.53,31.02,0.36,2.19,72.22,58.2,86,0.85,3.1,0.22,56.07,2.26,,1,484,2093,56.5,59,1.15
Sr,38,87.62,5,2,2,8,0,2.19,212,1.92,3.21,2,183.6,1.32,0.95,1.13,1.06,2,3.36,2,0.96,2,2,2,2,0,0,0,0,6,10,14,2,549,27.6,1042.15,1657.15,0.03,2.54,26.29,0.3,8.3,144,35.3,164,1.72,12,0.59,33.93,2.59,6.1,2,430,3059,147,148,1.78
Y,39,88.91,5,3,3,12,2,2.12,179,1.62,2.94,1.85,169.3,1.04,1.22,1.41,1.11,3.19,3.4,3.19,1.12,3,3,1,2,0,1,0,0,6,9,14,2,600,22.7,1796.15,3610.15,0.05,4.47,26.67,0.3,11.4,363,17.2,423,4.37,41.2,1.77,19.9,3.1,26,1,355,8950,248,214,3.02
Zr,40,91.22,5,4,4,44,2,2.06,158,1.48,2.83,1.55,159.3,0.86,1.33,1.7,1.17,3.64,3.45,3.64,1.32,4,4,2,2,0,2,0,0,6,8,14,2,640,17.9,2125.15,4650.15,0.07,6.51,24.63,0.27,16.9,582,22.7,609,6.25,89.8,2.8,14,4.05,33,2,317,8650,290,250,4.29
Nb,41,92.91,5,5,4,47,2,1.98,143,1.37,2.76,1.45,158.9,0.78,1.6,2.03,1.21,4,3.5,4,1.41,5,5,3,1,0,4,0,1,6,6,14,1,652,15.7,2741.15,5015.15,0.09,8.57,24.16,0.26,26.4,682,53.7,726,7.57,170,4.41,10.8,4.87,38,4,286,8700,276,260,5.56
Mo,42,95.94,5,6,4,50,2,1.9,139,1.45,2.72,1.45,152,0.79,2.16,1.94,1.26,3.9,3.55,3.9,1.47,5.78,6,4,1,0,5,0,1,6,5,14,1,684,12.8,2890.15,4885.15,0.11,10.2,23.99,0.25,32,598,138,658,6.82,261,5.55,9.4,4.95,20,5,272,9450,423,377,6.42
Tc,43,97.91,5,7,4,53,2,1.83,136,1.56,2.65,1.35,139.1,0.79,1.9,2.18,1.3,1.3,3.61,4,1.51,5.78,7,5,2,0,5,0,0,6,5,14,2,702,11.4,2445.15,5150.15,0.12,11.5,20.56,0.21,24,660,50.6,677,6.85,281,5.93,8.64,,,5,271,11500,454,422,7.04
Ru,44,101.07,5,8,4,56,2,1.78,134,1.26,2.61,1.3,141,0.82,2.2,1.97,1.35,4.5,3.67,4.5,1.54,5.78,8,5,1,0,7,0,1,6,3,14,1,710,9.6,2583.15,4173.15,0.12,12.4,24.05,0.24,24,595,117,643,6.74,286,6.13,8.2,4.71,173,7,264,9600,555,415,7.36
Rh,45,102.91,5,9,4,59,2,1.73,132,1.35,2.52,1.35,136.4,0.81,2.28,1.99,1.39,4.3,3.73,4.3,1.56,5.78,9,4,1,0,8,0,1,6,2,14,1,720,8.6,2239.15,4000.15,0.12,12.4,24.9,0.24,21.5,493,150,556,5.75,276,5.45,8.3,4.98,150,8,269,7000,512,350,7.26
Pd,46,106.42,5,10,4,62,2,1.69,142,1.31,2.45,1.4,56.7,0.78,2.2,2.08,1.61,4.45,3.79,4.45,1.59,5.78,10,3,0,0,10,0,2,6,0,14,0,804,4.8,1827.15,3413.15,0.11,12,25.54,0.24,17.6,357,71.8,378,3.89,187,4.66,8.9,5.22,44,0,275,7100,271,275,6.8
Ag,47,107.87,5,11,4,65,0,1.65,144,1.53,2.38,1.6,128.6,1.29,1.93,1.07,1.45,4.44,3.85,4.44,1.87,5.44,11,2,1,0,10,0,1,6,0,14,1,731,7.9,1235.15,2485.15,0.1,10.5,25.35,0.24,11.3,250.58,429,284,2.95,104,2.52,10.25,4.74,30,0,289,7480,227.3,221,5.85
Cd,48,112.41,5,12,4,70,0,1.61,157,1.48,2.22,1.55,118.4,0.92,1.69,1.4,1.45,4.33,3.92,4.33,1.52,4.44,12,1,2,0,10,0,0,6,0,14,2,868,7.2,594.05,1038.15,0.08,8.65,25.85,0.23,6.19,99.57,96.8,112,1.16,51,1.91,13,4.08,19,0,298,2960,210,221,4.64
In,49,114.82,5,13,5,75,1,1.56,155,1.44,2.05,1.55,138.2,0.94,1.78,1.63,1.52,3.1,4.23,3.1,1.66,3.44,3,3,2,1,10,0,0,5,0,14,2,558,9.7,429.75,2353.15,0.06,7.31,26.41,0.23,3.26,231.5,81.6,243,2.52,41.1,1.6,15.75,4.09,5,1,325,6730,112,129,3.83
Sn,50,118.71,5,14,5,80,1,1.45,155,1.41,1.88,1.45,124,0.69,1.96,1.88,1.7,4.3,4.59,4.3,1.82,4,4,4,2,2,10,0,0,4,0,14,2,709,7.7,505.15,2543.15,0.06,7.31,26.95,0.23,7.03,295.8,66.6,302,3.14,58.2,1.9,16.3,4.42,18,2,281,5809,199,254,2.91
Sb,51,121.76,5,15,6,85,1,1.33,155,1.38,1.77,1.45,119.3,0.9,2.05,2.14,1.88,4.85,5,4.85,1.98,3,5,5,2,3,10,0,0,3,0,14,2,834,6.6,904.15,2223.15,0.05,6.69,25.57,0.21,19.87,77.14,24.3,262,2.75,38.3,2,16.95,4.7,20,3,291,5070,220,200,3.31
Te,52,127.6,5,16,6,90,1,1.23,140,1.35,1.67,1.4,111.1,1.11,2.1,2.38,2.08,5.49,5.44,5.49,2.16,2,6,6,2,4,10,0,0,2,0,14,2,869,5.5,722.65,1262.95,0.05,6.24,25.52,0.2,17.49,52.55,2.35,197,2.19,65,,,4.95,16,4,286,2329,152,0,2.94
I,53,126.9,5,17,8,96,1,1.15,,1.33,1.59,1.4,104.4,2.06,2.66,2.76,2.27,6.76,5.93,6.76,2.36,0,7,7,2,5,10,0,0,1,0,14,7,1008,5,386.65,457.15,0.04,4.93,27.16,0.21,7.82,20.75,0.45,107,1.11,7.7,,,,,5,354,819,109,0,2.36
Xe,54,131.29,5,18,9,102,1,1.08,,1.3,0,1.08,98.6,0.62,2.6,0,2.45,2.45,6.47,,2.58,0,0,0,0,0,0,0,2,6,10,14,0,1170,4,161.35,166.05,0,0.01,20.74,0.16,2.3,12.64,0.01,0,0.16,,,,,,6,434,289.77,64,0,1.64
Cs,55,132.91,6,1,1,5,0,2.98,264,2.25,4.31,2.6,251.8,1.81,0.79,0.77,0.79,2.18,4.43,2.18,0.66,1,1,1,1,0,0,0,1,6,10,14,1,376,59.6,301.55,942.15,0.01,1.87,31.9,0.24,2.09,67.74,35.9,79,0.8,1.57,0.17,69.23,1.95,,1,523.5,1938,40.5,43,0.91
Ba,56,137.33,6,2,2,9,0,2.53,223,1.98,3.4,2.15,206,1.49,0.89,1.08,0.98,2.4,4.47,2.4,0.88,2,2,2,2,0,0,0,0,6,10,14,2,503,39.7,998.15,1913.15,0.03,3.5,28.01,0.2,7.75,142,18.4,180,1.9,10.2,0.53,38.1,2.52,4.9,2,435,3270,111,116,1.6
La,57,138.91,6,3,3,13,2,1.95,187,1.69,3.08,1.95,191.5,1.36,1.1,1.35,1.04,3.1,4.52,3.1,1.09,3,3,1,2,0,1,0,0,6,9,14,2,538,31.1,1193.15,3727.15,0.04,6.15,26.39,0.19,6.2,414,13.5,423,4.47,27.9,1.64,22.55,3.5,14,1,373,10500,150,135,2.7
Ce,58,140.12,6,3,3,15,3,1.85,182,1.65,4.5,1.85,197.8,1.15,1.12,1.1,1.05,,4.57,3.1,1.09,3.2,3,3,2,0,1,1,0,6,9,13,2,534,29.6,1071.15,3530.15,0.05,6.66,26.62,0.19,5.46,414,11.4,419,4.32,21.5,1.69,21.62,2.9,14,1,365,10400,179,138,2.91
Pr,59,140.91,6,3,3,17,3,2.47,183,1.65,4.48,1.85,194.2,1.32,1.13,1.1,1.06,1.06,4.64,3.1,1.09,3.1,3,3,2,0,0,3,0,6,10,11,2,527,28.2,1204.15,3290.15,0.05,6.77,26.77,0.19,6.89,296.8,12.5,356,3.7,28.8,1.73,20.79,2.7,15,3,363,8900,152,138,2.92
Nd,60,144.24,6,3,3,19,3,2.06,182,1.84,3.99,1.85,191.2,1.3,1.14,1.2,1.03,,4.72,3.1,1.09,3.1,3,3,2,0,0,4,0,6,10,10,2,533,31.4,1289.15,3400.15,0.05,7,27.41,0.19,7.14,273,16.5,328,3.4,31.8,1.73,20.58,3.2,16,4,366,7900,163,148,2.93
Pm,61,144.9127,6,3,3,21,3,2.05,185,1.63,3.99,1.85,188.2,1.28,1.13,1.15,1.04,1.04,4.8006,3.1,1.09,3,3,3,2,0,0,5,0,6,10,9,2,535,30.1,1315.15,3273.15,5.01E-02,7.26,26.084286,0.18,7.88,214,15,301,0,33,1.77,20.25,,18,5,321,6800,,,
Sm,62,150.36,6,3,3,23,3,2.38,185,1.62,4.14,1.85,185.4,1.1,1.17,1.2,1.05,1.05,4.8955,3.1,1.09,2.8,3,3,2,0,0,6,0,6,10,8,2,545,28.8,1347.15,2067.15,5.00E-02,7.52,30.072,0.2,8.63,166.4,13.3,207,2.14,37.8,1.77,20.01,2.7,20,6,359,5440,169,184,3.03
Eu,63,151.965,6,3,3,25,3,2.31,196,1.85,3.94,1.85,182.6,1.31,1.2,1.15,1.06,,5.0001,3.1,1.09,2,3,3,2,0,0,7,0,6,10,7,2,547,27.7,1095.15,1802.15,3.45E-02,5.24,27.3537,0.18,9.21,143.5,13.9,178,1.86,14.7,1.77,19.97,2.5,7.9,7,396,4600,118,0,2.04
Gd,64,157.25,6,3,3,27,3,2.33,176,1.61,3.91,1.8,171.3,1.08,1.2,1.1,1.1,,5.1142,3.1,1.09,3,3,3,2,0,1,7,0,6,9,7,2,593,23.5,1586.15,3546.15,5.02E-02,7.9,36.1675,0.23,10.05,359.4,10.6,398,4.14,37.9,1.77,19.9,2.9,22,1,358,8670,182,155,3.02
Tb,65,158.92534,6,3,3,29,3,2.25,176,1.59,3.89,1.75,177.5,1.18,1.2,1.2,1.08,1.08,5.238,3.1,1.09,3,3,3,2,0,0,9,0,6,10,5,2,569,25.5,1638.15,3503.15,5.18E-02,8.23,28.6065612,0.18,10.8,330.9,11.1,389,4.05,38.7,1.82,19.32,3,22,9,352,8470,176,158,3.22
Dy,66,162.5,6,3,3,31,3,2.28,175,1.59,3.67,1.75,175,1.05,1.22,1.15,1.09,,5.3714,3.1,1.09,3,3,3,2,0,0,10,0,6,10,4,2,573,24.5,1685.15,2840.15,5.26E-02,8.55,27.625,0.17,11.06,230.1,10.7,291,3.04,40.5,1.82,19,,25,0,251,7640,183,158,3.17
Ho,67,164.93032,6,3,3,33,3,2.26,177,1.58,3.65,1.75,172.7,1.04,1.23,1.2,1.1,,5.5143,3.1,1.09,3,3,3,2,0,0,11,0,6,10,3,2,581,23.6,1747.15,2973.15,5.34E-02,8.8,26.3888512,0.16,12.2,241,16.2,301,3.14,40.2,1.82,18.76,,26,1,349,7570,190,161,3.22
Er,68,167.26,6,3,3,35,3,2.26,175,1.57,3.63,1.75,170.3,1.03,1.24,1.2,1.11,,5.6669,3.1,1.09,3,3,3,2,0,0,12,0,6,10,2,2,589,22.7,1802.15,3141.15,5.42E-02,9.07,28.4342,0.17,19.9,261,14.3,317,3.29,44.4,1.86,18.45,,28,2,347,7250,188,163,3.26
Tm,69,168.93421,6,3,3,37,3,2.22,175,1.56,3.6,1.75,168.1,1.02,1.25,1.2,1.12,1.12,5.8291,3.1,1.09,3,3,3,2,0,0,13,0,6,10,1,2,597,21.8,1818.15,2223.15,5.52E-02,9.32,27.0294736,0.16,16.84,191,16.8,232,2.42,44.5,1.86,18.12,3.4,31,3,354,6430,200,167,3.32
Yb,70,173.04,6,3,3,39,3,2.22,190,1.56,3.59,1.75,165.8,1.13,1.1,1.1,1.13,1.13,6.0009,3.1,1.09,2,3,3,2,0,0,14,0,6,10,0,2,603,21,1092.15,1469.15,4.03E-02,6.97,25.956,0.15,7.66,128.9,34.9,152,1.6,30.5,1.86,17.97,,9.9,4,288,4420,118,0,3.02
Lu,71,174.967,6,3,3,41,2,2.17,175,1.6,3.37,1.75,155.3,1,1.27,1.2,1.12,,6.1824,3.1,1.09,3,3,3,2,0,1,14,0,6,9,0,2,524,21.9,1936.15,3675.15,5.62E-02,9.84,26.24505,0.15,18.6,355.9,16.4,427,4.43,47.6,1.91,17.77,,27,1,343,3540,183,116,3.39
Hf,72,178.49,6,4,4,45,2,2.08,158,1.5,2.91,1.55,147.6,0.85,1.3,1.73,1.2,3.8,6.3704,3.8,1.16,4,4,2,2,0,2,14,0,6,8,0,2,659,16.2,2500.15,4873.15,7.45E-02,13.3,24.9886,0.14,24.06,575,23,619,6.44,109,3.05,13.45,3.9,30,2,313,10400,252,213,4.52
Ta,73,180.9479,6,5,4,48,2,2,145,1.38,2.79,1.45,141.3,0.78,1.5,1.94,1.26,4.11,6.5738,4.11,1.34,5,5,3,2,0,3,14,0,6,7,0,2,761,13.1,3269.15,5698.15,9.17E-02,16.6,25.332706,0.14,31.6,743,57.5,782,8.1,196,4.33,10.81,4.8,69,3,286,10250,246,225,5.55
W,74,183.84,6,6,4,51,2,1.93,135,1.46,2.735,1.35,136,0.74,2.36,1.79,1.31,4.4,6.7841,4.4,1.47,5.78,6,4,2,0,4,14,0,6,6,0,2,770,11.1,3683.15,5933.15,1.05E-01,19.3,23.8992,0.13,35.4,824,174,849,8.9,311,5.93,9.55,5.22,161,4,274,22500,383,312,6.3
Re,75,186.207,6,7,4,54,2,1.88,137,1.59,2.68,1.35,131,0.77,1.9,2.06,1.35,4.02,7.004,4.02,1.6,5.78,7,5,2,0,5,14,0,6,5,0,2,760,9.7,3453.15,5873.15,1.13E-01,21,24.20691,0.13,33.2,715,47.9,770,8.03,334,6.33,8.85,4.72,178,5,273,20500,416,275,6.8
Os,76,190.23,6,8,4,57,2,1.85,135,1.28,2.65,1.3,126.6,0.77,2.2,1.85,1.39,4.9,7.2335,4.9,1.65,5.78,8,5,2,0,6,14,0,6,4,0,2,839,8.5,3318.15,5303.15,1.19E-01,22.6,24.7299,0.13,31.8,746,87.6,791,8.17,373,6.33,8.45,5.93,222,6,268,12700,467,400,7.14
Ir,77,192.22,6,9,4,60,2,1.8,136,1.37,2.628,1.35,122.7,0.77,2.2,1.87,1.43,5.4,7.4345,5.4,1.68,5.78,9,4,2,0,7,14,0,6,3,0,2,878,7.6,2683.15,4403.15,1.17E-01,22.4,24.9886,0.13,26.1,604,147,665,6.94,371,6.13,8.52,5.76,210,7,271,7800,420,228,7.06
Pt,78,195.08,6,10,4,63,2,1.77,139,1.28,2.7,1.35,122.1,0.74,2.28,1.91,1.49,5.6,7.7208,5.6,1.72,5.78,10,3,1,0,9,14,1,6,1,0,1,868,6.5,2045.15,4100.15,1.10E-01,21.4,25.3604,0.13,19.6,510,71.6,565,5.84,276,5.64,9.1,5.93,61,9,277,8450,237,225,6.62
Au,79,196.96654,6,11,4,66,2,1.74,143,1.44,2.66,1.35,118.7,1.51,2.54,1.19,1.53,5.77,7.9791,5.77,1.92,5.44,11,2,1,0,10,14,1,6,0,0,1,890,6.1,1337.15,3353.15,9.80E-02,19.3,25.21171712,0.128,12.55,334.4,317,366,3.81,171,3.87,10.2,5.47,27,0,288,6200,162.3,178,5.9
Hg,80,200.59,6,12,4,71,2,1.71,152,1.49,2.41,1.5,112.6,0.83,2,1.49,1.54,4.91,8.2469,4.91,1.76,4.44,12,1,2,0,10,14,0,6,0,0,2,1007,5.4,234.25,630.15,6.73E-02,13.5,27.88201,0.139,2.295,59.229,8.34,61,0.67,38.2,1.91,14.08,4.475,,0,301,1735,72,92,4.26
Tl,81,204.3833,6,13,5,76,1,1.56,172,1.48,2.235,1.9,131.9,1.03,1.62,1.69,1.59,3.2,4.6618,3.2,1.789,3.44,3,3,2,1,10,14,0,5,0,0,3,589,7.6,576.15,1730.15,5.82E-02,11.9,26.569829,0.13,4.142,164.1,46.1,182,1.88,28.5,1.4,17.23,3.4,2.8,1,346,2329,78.5,96,3.5
Pb,82,207.2,6,14,5,81,1,1.54,174,1.47,2.09,1.8,121.5,1.49,1.87,1.92,1.76,3.9,4.7404,3.9,1.854,2.44,4,4,2,2,10,14,0,4,0,0,4,716,6.8,600.65,2013.15,5.50E-02,11.4,26.936,0.13,4.799,177.7,35.3,196,2.03,45.8,1.52,18.28,4.25,5.6,2,350,5400,105,87,3.3
Bi,83,208.98037,6,15,5,86,1,1.43,162,1.46,1.997,1.6,129.5,1.17,2.02,2.14,1.83,4.69,4.8288,4.69,2.01,3,5,5,2,3,10,14,0,3,0,0,5,703,7.4,544.15,1833.15,4.67E-02,9.75,25.0776444,0.12,11.3,104.8,7.87,207,2.18,31.5,1.56,19.32,4.34,12,3,307,4620,120,116,2.82
Th,90,232.0381,7,3,3,16,2,1.8,178,1.65,4.98,1.8,178.8,1.19,1.3,1.3,1.03,1.03,2.8784,3.2,1.11,4,2,2,2,0,2,0,0,6,8,14,2,587,32.1,2023.15,5063.15,5.04E-02,11.7,27.844572,0.12,16.1,514.4,54,576,6.2,54,2.1,19.8,3.4,31,2,360,14550,160,100,3.04
U,92,238.0289,7,3,3,20,3,1.75,158,1.42,4.72,1.75,177.5,0.87,1.38,1.7,1.06,1.06,3.3168,3.4,1.22,5.78,3,3,2,0,1,3,0,6,9,11,2,598,27.4,1405.15,4091.15,7.98E-02,19,28.563468,0.12,14,477,27.6,490,5.55,97.9,3.44,13.15,3.9,111,1,275,12500,248,300,4.8
